lat,lng,api_data
35.7,51.4167,Radius=15000&SortBy=1&latitude=35.7&longitude=51.4167&PageSize=1000&PageNumber=0&firstObjectLatEnabled=true&query=&isSpecialList=false
36.3069,59.6042,Radius=15000&SortBy=1&latitude=36.3069&longitude=59.6042&PageSize=1000&PageNumber=0&firstObjectLatEnabled=true&query=&isSpecialList=false
32.6447,51.6675,Radius=15000&SortBy=1&latitude=32.6447&longitude=51.6675&PageSize=1000&PageNumber=0&firstObjectLatEnabled=true&query=&isSpecialList=false
35.8327,50.9915,Radius=15000&SortBy=1&latitude=35.8327&longitude=50.9915&PageSize=1000&PageNumber=0&firstObjectLatEnabled=true&query=&isSpecialList=false
38.0833,46.2833,Radius=15000&SortBy=1&latitude=38.0833&longitude=46.2833&PageSize=1000&PageNumber=0&firstObjectLatEnabled=true&query=&isSpecialList=false
29.61,52.5425,Radius=15000&SortBy=1&latitude=29.61&longitude=52.5425&PageSize=1000&PageNumber=0&firstObjectLatEnabled=true&query=&isSpecialList=false
34.6461,50.8789,Radius=15000&SortBy=1&latitude=34.6461&longitude=50.8789&PageSize=1000&PageNumber=0&firstObjectLatEnabled=true&query=&isSpecialList=false
31.3203,48.6692,Radius=15000&SortBy=1&latitude=31.3203&longitude=48.6692&PageSize=1000&PageNumber=0&firstObjectLatEnabled=true&query=&isSpecialList=false
34.3167,47.0686,Radius=15000&SortBy=1&latitude=34.3167&longitude=47.0686&PageSize=1000&PageNumber=0&firstObjectLatEnabled=true&query=&isSpecialList=false
37.5486,45.0675,Radius=15000&SortBy=1&latitude=37.5486&longitude=45.0675&PageSize=1000&PageNumber=0&firstObjectLatEnabled=true&query=&isSpecialList=false
37.2833,49.6,Radius=15000&SortBy=1&latitude=37.2833&longitude=49.6&PageSize=1000&PageNumber=0&firstObjectLatEnabled=true&query=&isSpecialList=false
30.2833,57.0667,Radius=15000&SortBy=1&latitude=30.2833&longitude=57.0667&PageSize=1000&PageNumber=0&firstObjectLatEnabled=true&query=&isSpecialList=false
29.4833,60.8667,Radius=15000&SortBy=1&latitude=29.4833&longitude=60.8667&PageSize=1000&PageNumber=0&firstObjectLatEnabled=true&query=&isSpecialList=false
35.5333,51.2,Radius=15000&SortBy=1&latitude=35.5333&longitude=51.2&PageSize=1000&PageNumber=0&firstObjectLatEnabled=true&query=&isSpecialList=false
34.8065,48.5162,Radius=15000&SortBy=1&latitude=34.8065&longitude=48.5162&PageSize=1000&PageNumber=0&firstObjectLatEnabled=true&query=&isSpecialList=false
31.8972,54.3678,Radius=15000&SortBy=1&latitude=31.8972&longitude=54.3678&PageSize=1000&PageNumber=0&firstObjectLatEnabled=true&query=&isSpecialList=false
34.08,49.7,Radius=15000&SortBy=1&latitude=34.08&longitude=49.7&PageSize=1000&PageNumber=0&firstObjectLatEnabled=true&query=&isSpecialList=false
38.25,48.3,Radius=15000&SortBy=1&latitude=38.25&longitude=48.3&PageSize=1000&PageNumber=0&firstObjectLatEnabled=true&query=&isSpecialList=false
27.2,56.25,Radius=15000&SortBy=1&latitude=27.2&longitude=56.25&PageSize=1000&PageNumber=0&firstObjectLatEnabled=true&query=&isSpecialList=false
36.6667,48.4833,Radius=15000&SortBy=1&latitude=36.6667&longitude=48.4833&PageSize=1000&PageNumber=0&firstObjectLatEnabled=true&query=&isSpecialList=false
33.9833,51.4333,Radius=15000&SortBy=1&latitude=33.9833&longitude=51.4333&PageSize=1000&PageNumber=0&firstObjectLatEnabled=true&query=&isSpecialList=false
36.2688,50.0041,Radius=15000&SortBy=1&latitude=36.2688&longitude=50.0041&PageSize=1000&PageNumber=0&firstObjectLatEnabled=true&query=&isSpecialList=false
35.3097,46.9989,Radius=15000&SortBy=1&latitude=35.3097&longitude=46.9989&PageSize=1000&PageNumber=0&firstObjectLatEnabled=true&query=&isSpecialList=false
30.3307,48.2797,Radius=15000&SortBy=1&latitude=30.3307&longitude=48.2797&PageSize=1000&PageNumber=0&firstObjectLatEnabled=true&query=&isSpecialList=false
33.4667,48.35,Radius=15000&SortBy=1&latitude=33.4667&longitude=48.35&PageSize=1000&PageNumber=0&firstObjectLatEnabled=true&query=&isSpecialList=false
36.83,54.48,Radius=15000&SortBy=1&latitude=36.83&longitude=54.48&PageSize=1000&PageNumber=0&firstObjectLatEnabled=true&query=&isSpecialList=false
35.6597,51.0592,Radius=15000&SortBy=1&latitude=35.6597&longitude=51.0592&PageSize=1000&PageNumber=0&firstObjectLatEnabled=true&query=&isSpecialList=false
35.7214,51.1089,Radius=15000&SortBy=1&latitude=35.7214&longitude=51.1089&PageSize=1000&PageNumber=0&firstObjectLatEnabled=true&query=&isSpecialList=false
35.6658,50.9767,Radius=15000&SortBy=1&latitude=35.6658&longitude=50.9767&PageSize=1000&PageNumber=0&firstObjectLatEnabled=true&query=&isSpecialList=false
36.5504,53.1,Radius=15000&SortBy=1&latitude=36.5504&longitude=53.1&PageSize=1000&PageNumber=0&firstObjectLatEnabled=true&query=&isSpecialList=false
32.3878,48.4033,Radius=15000&SortBy=1&latitude=32.3878&longitude=48.4033&PageSize=1000&PageNumber=0&firstObjectLatEnabled=true&query=&isSpecialList=false
36.55,52.6833,Radius=15000&SortBy=1&latitude=36.55&longitude=52.6833&PageSize=1000&PageNumber=0&firstObjectLatEnabled=true&query=&isSpecialList=false
36.5208,46.2117,Radius=15000&SortBy=1&latitude=36.5208&longitude=46.2117&PageSize=1000&PageNumber=0&firstObjectLatEnabled=true&query=&isSpecialList=false
36.2167,57.6667,Radius=15000&SortBy=1&latitude=36.2167&longitude=57.6667&PageSize=1000&PageNumber=0&firstObjectLatEnabled=true&query=&isSpecialList=false
36.4669,52.3569,Radius=15000&SortBy=1&latitude=36.4669&longitude=52.3569&PageSize=1000&PageNumber=0&firstObjectLatEnabled=true&query=&isSpecialList=false
35.4817,51.6803,Radius=15000&SortBy=1&latitude=35.4817&longitude=51.6803&PageSize=1000&PageNumber=0&firstObjectLatEnabled=true&query=&isSpecialList=false
32.6342,51.3667,Radius=15000&SortBy=1&latitude=32.6342&longitude=51.3667&PageSize=1000&PageNumber=0&firstObjectLatEnabled=true&query=&isSpecialList=false
33.8972,48.7514,Radius=15000&SortBy=1&latitude=33.8972&longitude=48.7514&PageSize=1000&PageNumber=0&firstObjectLatEnabled=true&query=&isSpecialList=false
35.4394,51.5689,Radius=15000&SortBy=1&latitude=35.4394&longitude=51.5689&PageSize=1000&PageNumber=0&firstObjectLatEnabled=true&query=&isSpecialList=false
35.2714,51.6511,Radius=15000&SortBy=1&latitude=35.2714&longitude=51.6511&PageSize=1000&PageNumber=0&firstObjectLatEnabled=true&query=&isSpecialList=false
36.22,58.82,Radius=15000&SortBy=1&latitude=36.22&longitude=58.82&PageSize=1000&PageNumber=0&firstObjectLatEnabled=true&query=&isSpecialList=false
35.0211,50.3564,Radius=15000&SortBy=1&latitude=35.0211&longitude=50.3564&PageSize=1000&PageNumber=0&firstObjectLatEnabled=true&query=&isSpecialList=false
32.7,51.5211,Radius=15000&SortBy=1&latitude=32.7&longitude=51.5211&PageSize=1000&PageNumber=0&firstObjectLatEnabled=true&query=&isSpecialList=false
36.4611,52.8606,Radius=15000&SortBy=1&latitude=36.4611&longitude=52.8606&PageSize=1000&PageNumber=0&firstObjectLatEnabled=true&query=&isSpecialList=false
35.5644,51.1647,Radius=15000&SortBy=1&latitude=35.5644&longitude=51.1647&PageSize=1000&PageNumber=0&firstObjectLatEnabled=true&query=&isSpecialList=false
37.4667,57.3333,Radius=15000&SortBy=1&latitude=37.4667&longitude=57.3333&PageSize=1000&PageNumber=0&firstObjectLatEnabled=true&query=&isSpecialList=false
28.9667,50.8333,Radius=15000&SortBy=1&latitude=28.9667&longitude=50.8333&PageSize=1000&PageNumber=0&firstObjectLatEnabled=true&query=&isSpecialList=false
35.5833,53.3833,Radius=15000&SortBy=1&latitude=35.5833&longitude=53.3833&PageSize=1000&PageNumber=0&firstObjectLatEnabled=true&query=&isSpecialList=false
38.5503,44.9519,Radius=15000&SortBy=1&latitude=38.5503&longitude=44.9519&PageSize=1000&PageNumber=0&firstObjectLatEnabled=true&query=&isSpecialList=false
35.7247,50.9883,Radius=15000&SortBy=1&latitude=35.7247&longitude=50.9883&PageSize=1000&PageNumber=0&firstObjectLatEnabled=true&query=&isSpecialList=false
32.8664,59.2211,Radius=15000&SortBy=1&latitude=32.8664&longitude=59.2211&PageSize=1000&PageNumber=0&firstObjectLatEnabled=true&query=&isSpecialList=false
37.3919,46.2392,Radius=15000&SortBy=1&latitude=37.3919&longitude=46.2392&PageSize=1000&PageNumber=0&firstObjectLatEnabled=true&query=&isSpecialList=false
29.47,55.73,Radius=15000&SortBy=1&latitude=29.47&longitude=55.73&PageSize=1000&PageNumber=0&firstObjectLatEnabled=true&query=&isSpecialList=false
32.8639,51.5475,Radius=15000&SortBy=1&latitude=32.8639&longitude=51.5475&PageSize=1000&PageNumber=0&firstObjectLatEnabled=true&query=&isSpecialList=false
34.2942,48.82,Radius=15000&SortBy=1&latitude=34.2942&longitude=48.82&PageSize=1000&PageNumber=0&firstObjectLatEnabled=true&query=&isSpecialList=false
36.765,45.721,Radius=15000&SortBy=1&latitude=36.765&longitude=45.721&PageSize=1000&PageNumber=0&firstObjectLatEnabled=true&query=&isSpecialList=false
36.2497,46.2733,Radius=15000&SortBy=1&latitude=36.2497&longitude=46.2733&PageSize=1000&PageNumber=0&firstObjectLatEnabled=true&query=&isSpecialList=false
30.5589,49.1981,Radius=15000&SortBy=1&latitude=30.5589&longitude=49.1981&PageSize=1000&PageNumber=0&firstObjectLatEnabled=true&query=&isSpecialList=false
30.4,56.0,Radius=15000&SortBy=1&latitude=30.4&longitude=56.0&PageSize=1000&PageNumber=0&firstObjectLatEnabled=true&query=&isSpecialList=false
32.3256,50.8644,Radius=15000&SortBy=1&latitude=32.3256&longitude=50.8644&PageSize=1000&PageNumber=0&firstObjectLatEnabled=true&query=&isSpecialList=false
33.7793,46.5967,Radius=15000&SortBy=1&latitude=33.7793&longitude=46.5967&PageSize=1000&PageNumber=0&firstObjectLatEnabled=true&query=&isSpecialList=false
37.25,55.1672,Radius=15000&SortBy=1&latitude=37.25&longitude=55.1672&PageSize=1000&PageNumber=0&firstObjectLatEnabled=true&query=&isSpecialList=false
36.4086,54.9733,Radius=15000&SortBy=1&latitude=36.4086&longitude=54.9733&PageSize=1000&PageNumber=0&firstObjectLatEnabled=true&query=&isSpecialList=false
29.8742,52.8025,Radius=15000&SortBy=1&latitude=29.8742&longitude=52.8025&PageSize=1000&PageNumber=0&firstObjectLatEnabled=true&query=&isSpecialList=false
37.1118,58.5015,Radius=15000&SortBy=1&latitude=37.1118&longitude=58.5015&PageSize=1000&PageNumber=0&firstObjectLatEnabled=true&query=&isSpecialList=false
28.5,53.56,Radius=15000&SortBy=1&latitude=28.5&longitude=53.56&PageSize=1000&PageNumber=0&firstObjectLatEnabled=true&query=&isSpecialList=false
35.8622,50.8717,Radius=15000&SortBy=1&latitude=35.8622&longitude=50.8717&PageSize=1000&PageNumber=0&firstObjectLatEnabled=true&query=&isSpecialList=false
35.2739,59.2194,Radius=15000&SortBy=1&latitude=35.2739&longitude=59.2194&PageSize=1000&PageNumber=0&firstObjectLatEnabled=true&query=&isSpecialList=false
36.6944,45.1417,Radius=15000&SortBy=1&latitude=36.6944&longitude=45.1417&PageSize=1000&PageNumber=0&firstObjectLatEnabled=true&query=&isSpecialList=false
35.5269,46.1761,Radius=15000&SortBy=1&latitude=35.5269&longitude=46.1761&PageSize=1000&PageNumber=0&firstObjectLatEnabled=true&query=&isSpecialList=false
32.45,48.35,Radius=15000&SortBy=1&latitude=32.45&longitude=48.35&PageSize=1000&PageNumber=0&firstObjectLatEnabled=true&query=&isSpecialList=false
32.0089,51.8667,Radius=15000&SortBy=1&latitude=32.0089&longitude=51.8667&PageSize=1000&PageNumber=0&firstObjectLatEnabled=true&query=&isSpecialList=false
31.0308,61.4972,Radius=15000&SortBy=1&latitude=31.0308&longitude=61.4972&PageSize=1000&PageNumber=0&firstObjectLatEnabled=true&query=&isSpecialList=false
30.4333,48.1833,Radius=15000&SortBy=1&latitude=30.4333&longitude=48.1833&PageSize=1000&PageNumber=0&firstObjectLatEnabled=true&query=&isSpecialList=false
38.4167,45.7667,Radius=15000&SortBy=1&latitude=38.4167&longitude=45.7667&PageSize=1000&PageNumber=0&firstObjectLatEnabled=true&query=&isSpecialList=false
28.6781,57.7406,Radius=15000&SortBy=1&latitude=28.6781&longitude=57.7406&PageSize=1000&PageNumber=0&firstObjectLatEnabled=true&query=&isSpecialList=false
38.2,44.7667,Radius=15000&SortBy=1&latitude=38.2&longitude=44.7667&PageSize=1000&PageNumber=0&firstObjectLatEnabled=true&query=&isSpecialList=false
29.1083,58.3583,Radius=15000&SortBy=1&latitude=29.1083&longitude=58.3583&PageSize=1000&PageNumber=0&firstObjectLatEnabled=true&query=&isSpecialList=false
30.5958,50.2417,Radius=15000&SortBy=1&latitude=30.5958&longitude=50.2417&PageSize=1000&PageNumber=0&firstObjectLatEnabled=true&query=&isSpecialList=false
33.4933,49.075,Radius=15000&SortBy=1&latitude=33.4933&longitude=49.075&PageSize=1000&PageNumber=0&firstObjectLatEnabled=true&query=&isSpecialList=false
35.9522,50.6075,Radius=15000&SortBy=1&latitude=35.9522&longitude=50.6075&PageSize=1000&PageNumber=0&firstObjectLatEnabled=true&query=&isSpecialList=false
35.7631,50.9172,Radius=15000&SortBy=1&latitude=35.7631&longitude=50.9172&PageSize=1000&PageNumber=0&firstObjectLatEnabled=true&query=&isSpecialList=false
28.9381,53.6481,Radius=15000&SortBy=1&latitude=28.9381&longitude=53.6481&PageSize=1000&PageNumber=0&firstObjectLatEnabled=true&query=&isSpecialList=false
37.4667,49.4667,Radius=15000&SortBy=1&latitude=37.4667&longitude=49.4667&PageSize=1000&PageNumber=0&firstObjectLatEnabled=true&query=&isSpecialList=false
29.2667,51.2158,Radius=15000&SortBy=1&latitude=29.2667&longitude=51.2158&PageSize=1000&PageNumber=0&firstObjectLatEnabled=true&query=&isSpecialList=false
35.9975,45.8853,Radius=15000&SortBy=1&latitude=35.9975&longitude=45.8853&PageSize=1000&PageNumber=0&firstObjectLatEnabled=true&query=&isSpecialList=false
30.6667,51.5833,Radius=15000&SortBy=1&latitude=30.6667&longitude=51.5833&PageSize=1000&PageNumber=0&firstObjectLatEnabled=true&query=&isSpecialList=false
25.2836,60.6236,Radius=15000&SortBy=1&latitude=25.2836&longitude=60.6236&PageSize=1000&PageNumber=0&firstObjectLatEnabled=true&query=&isSpecialList=false
35.4847,51.0828,Radius=15000&SortBy=1&latitude=35.4847&longitude=51.0828&PageSize=1000&PageNumber=0&firstObjectLatEnabled=true&query=&isSpecialList=false
36.1283,50.1764,Radius=15000&SortBy=1&latitude=36.1283&longitude=50.1764&PageSize=1000&PageNumber=0&firstObjectLatEnabled=true&query=&isSpecialList=false
35.2383,58.4656,Radius=15000&SortBy=1&latitude=35.2383&longitude=58.4656&PageSize=1000&PageNumber=0&firstObjectLatEnabled=true&query=&isSpecialList=false
32.0436,48.8569,Radius=15000&SortBy=1&latitude=32.0436&longitude=48.8569&PageSize=1000&PageNumber=0&firstObjectLatEnabled=true&query=&isSpecialList=false
38.475,47.0603,Radius=15000&SortBy=1&latitude=38.475&longitude=47.0603&PageSize=1000&PageNumber=0&firstObjectLatEnabled=true&query=&isSpecialList=false
31.9333,49.3,Radius=15000&SortBy=1&latitude=31.9333&longitude=49.3&PageSize=1000&PageNumber=0&firstObjectLatEnabled=true&query=&isSpecialList=false
35.2439,60.6225,Radius=15000&SortBy=1&latitude=35.2439&longitude=60.6225&PageSize=1000&PageNumber=0&firstObjectLatEnabled=true&query=&isSpecialList=false
29.6167,51.65,Radius=15000&SortBy=1&latitude=29.6167&longitude=51.65&PageSize=1000&PageNumber=0&firstObjectLatEnabled=true&query=&isSpecialList=false
32.6536,51.755,Radius=15000&SortBy=1&latitude=32.6536&longitude=51.755&PageSize=1000&PageNumber=0&firstObjectLatEnabled=true&query=&isSpecialList=false
37.3967,57.9294,Radius=15000&SortBy=1&latitude=37.3967&longitude=57.9294&PageSize=1000&PageNumber=0&firstObjectLatEnabled=true&query=&isSpecialList=false
32.25,54.0167,Radius=15000&SortBy=1&latitude=32.25&longitude=54.0167&PageSize=1000&PageNumber=0&firstObjectLatEnabled=true&query=&isSpecialList=false
35.7297,51.8619,Radius=15000&SortBy=1&latitude=35.7297&longitude=51.8619&PageSize=1000&PageNumber=0&firstObjectLatEnabled=true&query=&isSpecialList=false
33.4006,49.6947,Radius=15000&SortBy=1&latitude=33.4006&longitude=49.6947&PageSize=1000&PageNumber=0&firstObjectLatEnabled=true&query=&isSpecialList=false
37.3403,46.0561,Radius=15000&SortBy=1&latitude=37.3403&longitude=46.0561&PageSize=1000&PageNumber=0&firstObjectLatEnabled=true&query=&isSpecialList=false
36.0694,49.6958,Radius=15000&SortBy=1&latitude=36.0694&longitude=49.6958&PageSize=1000&PageNumber=0&firstObjectLatEnabled=true&query=&isSpecialList=false
37.0397,45.0983,Radius=15000&SortBy=1&latitude=37.0397&longitude=45.0983&PageSize=1000&PageNumber=0&firstObjectLatEnabled=true&query=&isSpecialList=false
29.5833,50.5167,Radius=15000&SortBy=1&latitude=29.5833&longitude=50.5167&PageSize=1000&PageNumber=0&firstObjectLatEnabled=true&query=&isSpecialList=false
30.8128,56.5639,Radius=15000&SortBy=1&latitude=30.8128&longitude=56.5639&PageSize=1000&PageNumber=0&firstObjectLatEnabled=true&query=&isSpecialList=false
35.7283,50.8133,Radius=15000&SortBy=1&latitude=35.7283&longitude=50.8133&PageSize=1000&PageNumber=0&firstObjectLatEnabled=true&query=&isSpecialList=false
32.3464,51.5044,Radius=15000&SortBy=1&latitude=32.3464&longitude=51.5044&PageSize=1000&PageNumber=0&firstObjectLatEnabled=true&query=&isSpecialList=false
37.0764,57.51,Radius=15000&SortBy=1&latitude=37.0764&longitude=57.51&PageSize=1000&PageNumber=0&firstObjectLatEnabled=true&query=&isSpecialList=false
36.1681,54.3481,Radius=15000&SortBy=1&latitude=36.1681&longitude=54.3481&PageSize=1000&PageNumber=0&firstObjectLatEnabled=true&query=&isSpecialList=false
34.74,60.7756,Radius=15000&SortBy=1&latitude=34.74&longitude=60.7756&PageSize=1000&PageNumber=0&firstObjectLatEnabled=true&query=&isSpecialList=false
32.3894,51.3764,Radius=15000&SortBy=1&latitude=32.3894&longitude=51.3764&PageSize=1000&PageNumber=0&firstObjectLatEnabled=true&query=&isSpecialList=false
34.0578,51.4842,Radius=15000&SortBy=1&latitude=34.0578&longitude=51.4842&PageSize=1000&PageNumber=0&firstObjectLatEnabled=true&query=&isSpecialList=false
37.7992,48.9053,Radius=15000&SortBy=1&latitude=37.7992&longitude=48.9053&PageSize=1000&PageNumber=0&firstObjectLatEnabled=true&query=&isSpecialList=false
35.8741,47.5937,Radius=15000&SortBy=1&latitude=35.8741&longitude=47.5937&PageSize=1000&PageNumber=0&firstObjectLatEnabled=true&query=&isSpecialList=false
36.1553,45.4789,Radius=15000&SortBy=1&latitude=36.1553&longitude=45.4789&PageSize=1000&PageNumber=0&firstObjectLatEnabled=true&query=&isSpecialList=false
31.2783,49.6064,Radius=15000&SortBy=1&latitude=31.2783&longitude=49.6064&PageSize=1000&PageNumber=0&firstObjectLatEnabled=true&query=&isSpecialList=false
35.2167,52.3333,Radius=15000&SortBy=1&latitude=35.2167&longitude=52.3333&PageSize=1000&PageNumber=0&firstObjectLatEnabled=true&query=&isSpecialList=false
35.7178,52.065,Radius=15000&SortBy=1&latitude=35.7178&longitude=52.065&PageSize=1000&PageNumber=0&firstObjectLatEnabled=true&query=&isSpecialList=false
33.4536,50.2883,Radius=15000&SortBy=1&latitude=33.4536&longitude=50.2883&PageSize=1000&PageNumber=0&firstObjectLatEnabled=true&query=&isSpecialList=false
33.4539,49.455,Radius=15000&SortBy=1&latitude=33.4539&longitude=49.455&PageSize=1000&PageNumber=0&firstObjectLatEnabled=true&query=&isSpecialList=false
33.5,51.9,Radius=15000&SortBy=1&latitude=33.5&longitude=51.9&PageSize=1000&PageNumber=0&firstObjectLatEnabled=true&query=&isSpecialList=false
36.4008,47.1131,Radius=15000&SortBy=1&latitude=36.4008&longitude=47.1131&PageSize=1000&PageNumber=0&firstObjectLatEnabled=true&query=&isSpecialList=false
32.6153,51.5556,Radius=15000&SortBy=1&latitude=32.6153&longitude=51.5556&PageSize=1000&PageNumber=0&firstObjectLatEnabled=true&query=&isSpecialList=false
37.9408,47.5367,Radius=15000&SortBy=1&latitude=37.9408&longitude=47.5367&PageSize=1000&PageNumber=0&firstObjectLatEnabled=true&query=&isSpecialList=false
29.2331,56.6022,Radius=15000&SortBy=1&latitude=29.2331&longitude=56.6022&PageSize=1000&PageNumber=0&firstObjectLatEnabled=true&query=&isSpecialList=false
37.6189,48.5258,Radius=15000&SortBy=1&latitude=37.6189&longitude=48.5258&PageSize=1000&PageNumber=0&firstObjectLatEnabled=true&query=&isSpecialList=false
32.5553,51.5097,Radius=15000&SortBy=1&latitude=32.5553&longitude=51.5097&PageSize=1000&PageNumber=0&firstObjectLatEnabled=true&query=&isSpecialList=false
35.5175,51.3597,Radius=15000&SortBy=1&latitude=35.5175&longitude=51.3597&PageSize=1000&PageNumber=0&firstObjectLatEnabled=true&query=&isSpecialList=false
34.4614,45.8647,Radius=15000&SortBy=1&latitude=34.4614&longitude=45.8647&PageSize=1000&PageNumber=0&firstObjectLatEnabled=true&query=&isSpecialList=false
27.665,54.1369,Radius=15000&SortBy=1&latitude=27.665&longitude=54.1369&PageSize=1000&PageNumber=0&firstObjectLatEnabled=true&query=&isSpecialList=false
36.6792,46.5667,Radius=15000&SortBy=1&latitude=36.6792&longitude=46.5667&PageSize=1000&PageNumber=0&firstObjectLatEnabled=true&query=&isSpecialList=false
34.5764,60.1408,Radius=15000&SortBy=1&latitude=34.5764&longitude=60.1408&PageSize=1000&PageNumber=0&firstObjectLatEnabled=true&query=&isSpecialList=false
32.5767,51.455,Radius=15000&SortBy=1&latitude=32.5767&longitude=51.455&PageSize=1000&PageNumber=0&firstObjectLatEnabled=true&query=&isSpecialList=false
27.76,54.0072,Radius=15000&SortBy=1&latitude=27.76&longitude=54.0072&PageSize=1000&PageNumber=0&firstObjectLatEnabled=true&query=&isSpecialList=false
35.2631,57.9722,Radius=15000&SortBy=1&latitude=35.2631&longitude=57.9722&PageSize=1000&PageNumber=0&firstObjectLatEnabled=true&query=&isSpecialList=false
38.8478,45.6622,Radius=15000&SortBy=1&latitude=38.8478&longitude=45.6622&PageSize=1000&PageNumber=0&firstObjectLatEnabled=true&query=&isSpecialList=false
37.2239,49.3125,Radius=15000&SortBy=1&latitude=37.2239&longitude=49.3125&PageSize=1000&PageNumber=0&firstObjectLatEnabled=true&query=&isSpecialList=false
31.4142,51.5694,Radius=15000&SortBy=1&latitude=31.4142&longitude=51.5694&PageSize=1000&PageNumber=0&firstObjectLatEnabled=true&query=&isSpecialList=false
35.7,53.35,Radius=15000&SortBy=1&latitude=35.7&longitude=53.35&PageSize=1000&PageNumber=0&firstObjectLatEnabled=true&query=&isSpecialList=false
31.4086,48.7942,Radius=15000&SortBy=1&latitude=31.4086&longitude=48.7942&PageSize=1000&PageNumber=0&firstObjectLatEnabled=true&query=&isSpecialList=false
32.5542,51.525,Radius=15000&SortBy=1&latitude=32.5542&longitude=51.525&PageSize=1000&PageNumber=0&firstObjectLatEnabled=true&query=&isSpecialList=false
32.6267,51.4392,Radius=15000&SortBy=1&latitude=32.6267&longitude=51.4392&PageSize=1000&PageNumber=0&firstObjectLatEnabled=true&query=&isSpecialList=false
33.2206,50.315,Radius=15000&SortBy=1&latitude=33.2206&longitude=50.315&PageSize=1000&PageNumber=0&firstObjectLatEnabled=true&query=&isSpecialList=false
35.2083,48.7239,Radius=15000&SortBy=1&latitude=35.2083&longitude=48.7239&PageSize=1000&PageNumber=0&firstObjectLatEnabled=true&query=&isSpecialList=false
32.0,54.2044,Radius=15000&SortBy=1&latitude=32.0&longitude=54.2044&PageSize=1000&PageNumber=0&firstObjectLatEnabled=true&query=&isSpecialList=false
29.5,53.3164,Radius=15000&SortBy=1&latitude=29.5&longitude=53.3164&PageSize=1000&PageNumber=0&firstObjectLatEnabled=true&query=&isSpecialList=false
31.7475,54.2042,Radius=15000&SortBy=1&latitude=31.7475&longitude=54.2042&PageSize=1000&PageNumber=0&firstObjectLatEnabled=true&query=&isSpecialList=false
35.0144,58.78,Radius=15000&SortBy=1&latitude=35.0144&longitude=58.78&PageSize=1000&PageNumber=0&firstObjectLatEnabled=true&query=&isSpecialList=false
31.94,51.6478,Radius=15000&SortBy=1&latitude=31.94&longitude=51.6478&PageSize=1000&PageNumber=0&firstObjectLatEnabled=true&query=&isSpecialList=false
32.7025,51.1536,Radius=15000&SortBy=1&latitude=32.7025&longitude=51.1536&PageSize=1000&PageNumber=0&firstObjectLatEnabled=true&query=&isSpecialList=false
37.0975,50.1864,Radius=15000&SortBy=1&latitude=37.0975&longitude=50.1864&PageSize=1000&PageNumber=0&firstObjectLatEnabled=true&query=&isSpecialList=false
33.3797,52.3725,Radius=15000&SortBy=1&latitude=33.3797&longitude=52.3725&PageSize=1000&PageNumber=0&firstObjectLatEnabled=true&query=&isSpecialList=false
35.1139,48.9717,Radius=15000&SortBy=1&latitude=35.1139&longitude=48.9717&PageSize=1000&PageNumber=0&firstObjectLatEnabled=true&query=&isSpecialList=false
32.9411,50.1211,Radius=15000&SortBy=1&latitude=32.9411&longitude=50.1211&PageSize=1000&PageNumber=0&firstObjectLatEnabled=true&query=&isSpecialList=false
37.5511,49.1394,Radius=15000&SortBy=1&latitude=37.5511&longitude=49.1394&PageSize=1000&PageNumber=0&firstObjectLatEnabled=true&query=&isSpecialList=false
28.8825,51.2744,Radius=15000&SortBy=1&latitude=28.8825&longitude=51.2744&PageSize=1000&PageNumber=0&firstObjectLatEnabled=true&query=&isSpecialList=false
39.3481,45.0711,Radius=15000&SortBy=1&latitude=39.3481&longitude=45.0711&PageSize=1000&PageNumber=0&firstObjectLatEnabled=true&query=&isSpecialList=false
34.5156,45.5792,Radius=15000&SortBy=1&latitude=34.5156&longitude=45.5792&PageSize=1000&PageNumber=0&firstObjectLatEnabled=true&query=&isSpecialList=false
35.4633,53.2139,Radius=15000&SortBy=1&latitude=35.4633&longitude=53.2139&PageSize=1000&PageNumber=0&firstObjectLatEnabled=true&query=&isSpecialList=false
38.8667,47.0333,Radius=15000&SortBy=1&latitude=38.8667&longitude=47.0333&PageSize=1000&PageNumber=0&firstObjectLatEnabled=true&query=&isSpecialList=false
34.3928,49.1839,Radius=15000&SortBy=1&latitude=34.3928&longitude=49.1839&PageSize=1000&PageNumber=0&firstObjectLatEnabled=true&query=&isSpecialList=false
34.7192,49.3267,Radius=15000&SortBy=1&latitude=34.7192&longitude=49.3267&PageSize=1000&PageNumber=0&firstObjectLatEnabled=true&query=&isSpecialList=false
32.7683,50.6286,Radius=15000&SortBy=1&latitude=32.7683&longitude=50.6286&PageSize=1000&PageNumber=0&firstObjectLatEnabled=true&query=&isSpecialList=false
35.2497,52.4933,Radius=15000&SortBy=1&latitude=35.2497&longitude=52.4933&PageSize=1000&PageNumber=0&firstObjectLatEnabled=true&query=&isSpecialList=false
33.775,55.0831,Radius=15000&SortBy=1&latitude=33.775&longitude=55.0831&PageSize=1000&PageNumber=0&firstObjectLatEnabled=true&query=&isSpecialList=false
36.1779,50.7655,Radius=15000&SortBy=1&latitude=36.1779&longitude=50.7655&PageSize=1000&PageNumber=0&firstObjectLatEnabled=true&query=&isSpecialList=false
32.4681,50.1214,Radius=15000&SortBy=1&latitude=32.4681&longitude=50.1214&PageSize=1000&PageNumber=0&firstObjectLatEnabled=true&query=&isSpecialList=false
34.9069,48.4414,Radius=15000&SortBy=1&latitude=34.9069&longitude=48.4414&PageSize=1000&PageNumber=0&firstObjectLatEnabled=true&query=&isSpecialList=false
36.5633,53.0601,Radius=15000&SortBy=1&latitude=36.5633&longitude=53.0601&PageSize=1000&PageNumber=0&firstObjectLatEnabled=true&query=&isSpecialList=false
33.6374,46.4227,Radius=15000&SortBy=1&latitude=33.6374&longitude=46.4227&PageSize=1000&PageNumber=0&firstObjectLatEnabled=true&query=&isSpecialList=false
35.7256,50.3661,Radius=15000&SortBy=1&latitude=35.7256&longitude=50.3661&PageSize=1000&PageNumber=0&firstObjectLatEnabled=true&query=&isSpecialList=false
36.1892,50.0642,Radius=15000&SortBy=1&latitude=36.1892&longitude=50.0642&PageSize=1000&PageNumber=0&firstObjectLatEnabled=true&query=&isSpecialList=false
36.6861,52.52,Radius=15000&SortBy=1&latitude=36.6861&longitude=52.52&PageSize=1000&PageNumber=0&firstObjectLatEnabled=true&query=&isSpecialList=false
37.2042,50.0092,Radius=15000&SortBy=1&latitude=37.2042&longitude=50.0092&PageSize=1000&PageNumber=0&firstObjectLatEnabled=true&query=&isSpecialList=false
36.6319,52.2629,Radius=15000&SortBy=1&latitude=36.6319&longitude=52.2629&PageSize=1000&PageNumber=0&firstObjectLatEnabled=true&query=&isSpecialList=false
36.7,52.65,Radius=15000&SortBy=1&latitude=36.7&longitude=52.65&PageSize=1000&PageNumber=0&firstObjectLatEnabled=true&query=&isSpecialList=false
36.9,54.0667,Radius=15000&SortBy=1&latitude=36.9&longitude=54.0667&PageSize=1000&PageNumber=0&firstObjectLatEnabled=true&query=&isSpecialList=false
37.1969,50.1536,Radius=15000&SortBy=1&latitude=37.1969&longitude=50.1536&PageSize=1000&PageNumber=0&firstObjectLatEnabled=true&query=&isSpecialList=false
36.6409,52.9121,Radius=15000&SortBy=1&latitude=36.6409&longitude=52.9121&PageSize=1000&PageNumber=0&firstObjectLatEnabled=true&query=&isSpecialList=false
37.2597,49.9444,Radius=15000&SortBy=1&latitude=37.2597&longitude=49.9444&PageSize=1000&PageNumber=0&firstObjectLatEnabled=true&query=&isSpecialList=false
27.8339,52.0628,Radius=15000&SortBy=1&latitude=27.8339&longitude=52.0628&PageSize=1000&PageNumber=0&firstObjectLatEnabled=true&query=&isSpecialList=false
27.4761,52.6075,Radius=15000&SortBy=1&latitude=27.4761&longitude=52.6075&PageSize=1000&PageNumber=0&firstObjectLatEnabled=true&query=&isSpecialList=false
38.4291,48.872,Radius=15000&SortBy=1&latitude=38.4291&longitude=48.872&PageSize=1000&PageNumber=0&firstObjectLatEnabled=true&query=&isSpecialList=false
37.3117,49.3219,Radius=15000&SortBy=1&latitude=37.3117&longitude=49.3219&PageSize=1000&PageNumber=0&firstObjectLatEnabled=true&query=&isSpecialList=false
36.7742,53.9481,Radius=15000&SortBy=1&latitude=36.7742&longitude=53.9481&PageSize=1000&PageNumber=0&firstObjectLatEnabled=true&query=&isSpecialList=false
35.9619,50.68,Radius=15000&SortBy=1&latitude=35.9619&longitude=50.68&PageSize=1000&PageNumber=0&firstObjectLatEnabled=true&query=&isSpecialList=false
32.2569,50.5642,Radius=15000&SortBy=1&latitude=32.2569&longitude=50.5642&PageSize=1000&PageNumber=0&firstObjectLatEnabled=true&query=&isSpecialList=false
37.4775,45.8942,Radius=15000&SortBy=1&latitude=37.4775&longitude=45.8942&PageSize=1000&PageNumber=0&firstObjectLatEnabled=true&query=&isSpecialList=false
36.2031,49.1869,Radius=15000&SortBy=1&latitude=36.2031&longitude=49.1869&PageSize=1000&PageNumber=0&firstObjectLatEnabled=true&query=&isSpecialList=false
35.308,51.7267,Radius=15000&SortBy=1&latitude=35.308&longitude=51.7267&PageSize=1000&PageNumber=0&firstObjectLatEnabled=true&query=&isSpecialList=false
35.5935,51.44,Radius=15000&SortBy=1&latitude=35.5935&longitude=51.44&PageSize=1000&PageNumber=0&firstObjectLatEnabled=true&query=&isSpecialList=false
39.6482,47.9174,Radius=15000&SortBy=1&latitude=39.6482&longitude=47.9174&PageSize=1000&PageNumber=0&firstObjectLatEnabled=true&query=&isSpecialList=false
36.9667,46.1096,Radius=15000&SortBy=1&latitude=36.9667&longitude=46.1096&PageSize=1000&PageNumber=0&firstObjectLatEnabled=true&query=&isSpecialList=false
28.9511,58.6953,Radius=15000&SortBy=1&latitude=28.9511&longitude=58.6953&PageSize=1000&PageNumber=0&firstObjectLatEnabled=true&query=&isSpecialList=false
37.3631,49.1329,Radius=15000&SortBy=1&latitude=37.3631&longitude=49.1329&PageSize=1000&PageNumber=0&firstObjectLatEnabled=true&query=&isSpecialList=false
36.9101,54.8674,Radius=15000&SortBy=1&latitude=36.9101&longitude=54.8674&PageSize=1000&PageNumber=0&firstObjectLatEnabled=true&query=&isSpecialList=false
37.1458,46.1028,Radius=15000&SortBy=1&latitude=37.1458&longitude=46.1028&PageSize=1000&PageNumber=0&firstObjectLatEnabled=true&query=&isSpecialList=false
36.7277,51.1057,Radius=15000&SortBy=1&latitude=36.7277&longitude=51.1057&PageSize=1000&PageNumber=0&firstObjectLatEnabled=true&query=&isSpecialList=false
30.3392,48.3043,Radius=15000&SortBy=1&latitude=30.3392&longitude=48.3043&PageSize=1000&PageNumber=0&firstObjectLatEnabled=true&query=&isSpecialList=false
34.1883,48.3769,Radius=15000&SortBy=1&latitude=34.1883&longitude=48.3769&PageSize=1000&PageNumber=0&firstObjectLatEnabled=true&query=&isSpecialList=false
36.95,45.3833,Radius=15000&SortBy=1&latitude=36.95&longitude=45.3833&PageSize=1000&PageNumber=0&firstObjectLatEnabled=true&query=&isSpecialList=false
36.7,53.55,Radius=15000&SortBy=1&latitude=36.7&longitude=53.55&PageSize=1000&PageNumber=0&firstObjectLatEnabled=true&query=&isSpecialList=false
37.0864,55.1722,Radius=15000&SortBy=1&latitude=37.0864&longitude=55.1722&PageSize=1000&PageNumber=0&firstObjectLatEnabled=true&query=&isSpecialList=false
34.8067,46.4914,Radius=15000&SortBy=1&latitude=34.8067&longitude=46.4914&PageSize=1000&PageNumber=0&firstObjectLatEnabled=true&query=&isSpecialList=false
37.016,55.1412,Radius=15000&SortBy=1&latitude=37.016&longitude=55.1412&PageSize=1000&PageNumber=0&firstObjectLatEnabled=true&query=&isSpecialList=false
30.8939,61.6803,Radius=15000&SortBy=1&latitude=30.8939&longitude=61.6803&PageSize=1000&PageNumber=0&firstObjectLatEnabled=true&query=&isSpecialList=false
37.1375,50.2881,Radius=15000&SortBy=1&latitude=37.1375&longitude=50.2881&PageSize=1000&PageNumber=0&firstObjectLatEnabled=true&query=&isSpecialList=false
36.7272,53.8089,Radius=15000&SortBy=1&latitude=36.7272&longitude=53.8089&PageSize=1000&PageNumber=0&firstObjectLatEnabled=true&query=&isSpecialList=false
36.9169,50.6736,Radius=15000&SortBy=1&latitude=36.9169&longitude=50.6736&PageSize=1000&PageNumber=0&firstObjectLatEnabled=true&query=&isSpecialList=false
34.7822,48.1183,Radius=15000&SortBy=1&latitude=34.7822&longitude=48.1183&PageSize=1000&PageNumber=0&firstObjectLatEnabled=true&query=&isSpecialList=false
37.1702,49.3998,Radius=15000&SortBy=1&latitude=37.1702&longitude=49.3998&PageSize=1000&PageNumber=0&firstObjectLatEnabled=true&query=&isSpecialList=false
36.6489,53.2958,Radius=15000&SortBy=1&latitude=36.6489&longitude=53.2958&PageSize=1000&PageNumber=0&firstObjectLatEnabled=true&query=&isSpecialList=false
36.7931,54.1121,Radius=15000&SortBy=1&latitude=36.7931&longitude=54.1121&PageSize=1000&PageNumber=0&firstObjectLatEnabled=true&query=&isSpecialList=false
36.645,51.5,Radius=15000&SortBy=1&latitude=36.645&longitude=51.5&PageSize=1000&PageNumber=0&firstObjectLatEnabled=true&query=&isSpecialList=false
34.2722,47.5861,Radius=15000&SortBy=1&latitude=34.2722&longitude=47.5861&PageSize=1000&PageNumber=0&firstObjectLatEnabled=true&query=&isSpecialList=false
37.2719,55.4325,Radius=15000&SortBy=1&latitude=37.2719&longitude=55.4325&PageSize=1000&PageNumber=0&firstObjectLatEnabled=true&query=&isSpecialList=false
29.205,52.6897,Radius=15000&SortBy=1&latitude=29.205&longitude=52.6897&PageSize=1000&PageNumber=0&firstObjectLatEnabled=true&query=&isSpecialList=false
36.655,51.4204,Radius=15000&SortBy=1&latitude=36.655&longitude=51.4204&PageSize=1000&PageNumber=0&firstObjectLatEnabled=true&query=&isSpecialList=false
37.0139,54.455,Radius=15000&SortBy=1&latitude=37.0139&longitude=54.455&PageSize=1000&PageNumber=0&firstObjectLatEnabled=true&query=&isSpecialList=false
36.8167,50.8775,Radius=15000&SortBy=1&latitude=36.8167&longitude=50.8775&PageSize=1000&PageNumber=0&firstObjectLatEnabled=true&query=&isSpecialList=false
37.9158,46.1236,Radius=15000&SortBy=1&latitude=37.9158&longitude=46.1236&PageSize=1000&PageNumber=0&firstObjectLatEnabled=true&query=&isSpecialList=false
26.9581,56.2717,Radius=15000&SortBy=1&latitude=26.9581&longitude=56.2717&PageSize=1000&PageNumber=0&firstObjectLatEnabled=true&query=&isSpecialList=false
34.1094,46.5275,Radius=15000&SortBy=1&latitude=34.1094&longitude=46.5275&PageSize=1000&PageNumber=0&firstObjectLatEnabled=true&query=&isSpecialList=false
35.0433,46.3564,Radius=15000&SortBy=1&latitude=35.0433&longitude=46.3564&PageSize=1000&PageNumber=0&firstObjectLatEnabled=true&query=&isSpecialList=false
31.1447,61.7925,Radius=15000&SortBy=1&latitude=31.1447&longitude=61.7925&PageSize=1000&PageNumber=0&firstObjectLatEnabled=true&query=&isSpecialList=false
37.2289,55.3747,Radius=15000&SortBy=1&latitude=37.2289&longitude=55.3747&PageSize=1000&PageNumber=0&firstObjectLatEnabled=true&query=&isSpecialList=false
34.5481,48.4467,Radius=15000&SortBy=1&latitude=34.5481&longitude=48.4467&PageSize=1000&PageNumber=0&firstObjectLatEnabled=true&query=&isSpecialList=false
31.5847,48.8859,Radius=15000&SortBy=1&latitude=31.5847&longitude=48.8859&PageSize=1000&PageNumber=0&firstObjectLatEnabled=true&query=&isSpecialList=false
38.4269,48.4839,Radius=15000&SortBy=1&latitude=38.4269&longitude=48.4839&PageSize=1000&PageNumber=0&firstObjectLatEnabled=true&query=&isSpecialList=false
36.0542,50.5533,Radius=15000&SortBy=1&latitude=36.0542&longitude=50.5533&PageSize=1000&PageNumber=0&firstObjectLatEnabled=true&query=&isSpecialList=false
31.5097,50.8283,Radius=15000&SortBy=1&latitude=31.5097&longitude=50.8283&PageSize=1000&PageNumber=0&firstObjectLatEnabled=true&query=&isSpecialList=false
36.25,49.3667,Radius=15000&SortBy=1&latitude=36.25&longitude=49.3667&PageSize=1000&PageNumber=0&firstObjectLatEnabled=true&query=&isSpecialList=false
39.2192,44.77,Radius=15000&SortBy=1&latitude=39.2192&longitude=44.77&PageSize=1000&PageNumber=0&firstObjectLatEnabled=true&query=&isSpecialList=false
36.3103,59.3736,Radius=15000&SortBy=1&latitude=36.3103&longitude=59.3736&PageSize=1000&PageNumber=0&firstObjectLatEnabled=true&query=&isSpecialList=false
32.7997,51.6953,Radius=15000&SortBy=1&latitude=32.7997&longitude=51.6953&PageSize=1000&PageNumber=0&firstObjectLatEnabled=true&query=&isSpecialList=false
32.1942,48.2436,Radius=15000&SortBy=1&latitude=32.1942&longitude=48.2436&PageSize=1000&PageNumber=0&firstObjectLatEnabled=true&query=&isSpecialList=false
33.53,47.6,Radius=15000&SortBy=1&latitude=33.53&longitude=47.6&PageSize=1000&PageNumber=0&firstObjectLatEnabled=true&query=&isSpecialList=false
33.8272,46.3097,Radius=15000&SortBy=1&latitude=33.8272&longitude=46.3097&PageSize=1000&PageNumber=0&firstObjectLatEnabled=true&query=&isSpecialList=false
34.0734,47.9725,Radius=15000&SortBy=1&latitude=34.0734&longitude=47.9725&PageSize=1000&PageNumber=0&firstObjectLatEnabled=true&query=&isSpecialList=false
37.759,45.9783,Radius=15000&SortBy=1&latitude=37.759&longitude=45.9783&PageSize=1000&PageNumber=0&firstObjectLatEnabled=true&query=&isSpecialList=false
34.4814,47.6908,Radius=15000&SortBy=1&latitude=34.4814&longitude=47.6908&PageSize=1000&PageNumber=0&firstObjectLatEnabled=true&query=&isSpecialList=false
34.7956,46.9355,Radius=15000&SortBy=1&latitude=34.7956&longitude=46.9355&PageSize=1000&PageNumber=0&firstObjectLatEnabled=true&query=&isSpecialList=false
34.992,60.3171,Radius=15000&SortBy=1&latitude=34.992&longitude=60.3171&PageSize=1000&PageNumber=0&firstObjectLatEnabled=true&query=&isSpecialList=false
31.5236,49.8894,Radius=15000&SortBy=1&latitude=31.5236&longitude=49.8894&PageSize=1000&PageNumber=0&firstObjectLatEnabled=true&query=&isSpecialList=false
37.1528,49.8708,Radius=15000&SortBy=1&latitude=37.1528&longitude=49.8708&PageSize=1000&PageNumber=0&firstObjectLatEnabled=true&query=&isSpecialList=false
38.1803,45.7028,Radius=15000&SortBy=1&latitude=38.1803&longitude=45.7028&PageSize=1000&PageNumber=0&firstObjectLatEnabled=true&query=&isSpecialList=false
31.9683,51.2894,Radius=15000&SortBy=1&latitude=31.9683&longitude=51.2894&PageSize=1000&PageNumber=0&firstObjectLatEnabled=true&query=&isSpecialList=false
27.9519,57.6996,Radius=15000&SortBy=1&latitude=27.9519&longitude=57.6996&PageSize=1000&PageNumber=0&firstObjectLatEnabled=true&query=&isSpecialList=false
27.8278,52.3267,Radius=15000&SortBy=1&latitude=27.8278&longitude=52.3267&PageSize=1000&PageNumber=0&firstObjectLatEnabled=true&query=&isSpecialList=false
30.6497,48.6647,Radius=15000&SortBy=1&latitude=30.6497&longitude=48.6647&PageSize=1000&PageNumber=0&firstObjectLatEnabled=true&query=&isSpecialList=false
33.8631,48.2617,Radius=15000&SortBy=1&latitude=33.8631&longitude=48.2617&PageSize=1000&PageNumber=0&firstObjectLatEnabled=true&query=&isSpecialList=false
35.3864,49.0336,Radius=15000&SortBy=1&latitude=35.3864&longitude=49.0336&PageSize=1000&PageNumber=0&firstObjectLatEnabled=true&query=&isSpecialList=false
30.2458,51.5223,Radius=15000&SortBy=1&latitude=30.2458&longitude=51.5223&PageSize=1000&PageNumber=0&firstObjectLatEnabled=true&query=&isSpecialList=false
38.1514,48.0708,Radius=15000&SortBy=1&latitude=38.1514&longitude=48.0708&PageSize=1000&PageNumber=0&firstObjectLatEnabled=true&query=&isSpecialList=false
37.3808,55.4917,Radius=15000&SortBy=1&latitude=37.3808&longitude=55.4917&PageSize=1000&PageNumber=0&firstObjectLatEnabled=true&query=&isSpecialList=false
38.8914,45.0253,Radius=15000&SortBy=1&latitude=38.8914&longitude=45.0253&PageSize=1000&PageNumber=0&firstObjectLatEnabled=true&query=&isSpecialList=false
33.9275,49.4114,Radius=15000&SortBy=1&latitude=33.9275&longitude=49.4114&PageSize=1000&PageNumber=0&firstObjectLatEnabled=true&query=&isSpecialList=false
35.3125,46.3667,Radius=15000&SortBy=1&latitude=35.3125&longitude=46.3667&PageSize=1000&PageNumber=0&firstObjectLatEnabled=true&query=&isSpecialList=false
33.6422,50.0789,Radius=15000&SortBy=1&latitude=33.6422&longitude=50.0789&PageSize=1000&PageNumber=0&firstObjectLatEnabled=true&query=&isSpecialList=false
27.131,57.0872,Radius=15000&SortBy=1&latitude=27.131&longitude=57.0872&PageSize=1000&PageNumber=0&firstObjectLatEnabled=true&query=&isSpecialList=false
33.1397,47.3761,Radius=15000&SortBy=1&latitude=33.1397&longitude=47.3761&PageSize=1000&PageNumber=0&firstObjectLatEnabled=true&query=&isSpecialList=false
36.6456,59.1211,Radius=15000&SortBy=1&latitude=36.6456&longitude=59.1211&PageSize=1000&PageNumber=0&firstObjectLatEnabled=true&query=&isSpecialList=false
36.5717,52.0153,Radius=15000&SortBy=1&latitude=36.5717&longitude=52.0153&PageSize=1000&PageNumber=0&firstObjectLatEnabled=true&query=&isSpecialList=false
31.5608,48.1831,Radius=15000&SortBy=1&latitude=31.5608&longitude=48.1831&PageSize=1000&PageNumber=0&firstObjectLatEnabled=true&query=&isSpecialList=false
27.4419,57.192,Radius=15000&SortBy=1&latitude=27.4419&longitude=57.192&PageSize=1000&PageNumber=0&firstObjectLatEnabled=true&query=&isSpecialList=false
37.0717,54.0767,Radius=15000&SortBy=1&latitude=37.0717&longitude=54.0767&PageSize=1000&PageNumber=0&firstObjectLatEnabled=true&query=&isSpecialList=false
30.7597,49.705,Radius=15000&SortBy=1&latitude=30.7597&longitude=49.705&PageSize=1000&PageNumber=0&firstObjectLatEnabled=true&query=&isSpecialList=false
35.8044,51.4256,Radius=15000&SortBy=1&latitude=35.8044&longitude=51.4256&PageSize=1000&PageNumber=0&firstObjectLatEnabled=true&query=&isSpecialList=false
32.0439,50.8139,Radius=15000&SortBy=1&latitude=32.0439&longitude=50.8139&PageSize=1000&PageNumber=0&firstObjectLatEnabled=true&query=&isSpecialList=false
30.7936,50.565,Radius=15000&SortBy=1&latitude=30.7936&longitude=50.565&PageSize=1000&PageNumber=0&firstObjectLatEnabled=true&query=&isSpecialList=false
39.0214,48.08,Radius=15000&SortBy=1&latitude=39.0214&longitude=48.08&PageSize=1000&PageNumber=0&firstObjectLatEnabled=true&query=&isSpecialList=false
36.8211,49.4264,Radius=15000&SortBy=1&latitude=36.8211&longitude=49.4264&PageSize=1000&PageNumber=0&firstObjectLatEnabled=true&query=&isSpecialList=false
34.7153,46.6533,Radius=15000&SortBy=1&latitude=34.7153&longitude=46.6533&PageSize=1000&PageNumber=0&firstObjectLatEnabled=true&query=&isSpecialList=false
32.9874,50.4108,Radius=15000&SortBy=1&latitude=32.9874&longitude=50.4108&PageSize=1000&PageNumber=0&firstObjectLatEnabled=true&query=&isSpecialList=false
38.3989,47.6819,Radius=15000&SortBy=1&latitude=38.3989&longitude=47.6819&PageSize=1000&PageNumber=0&firstObjectLatEnabled=true&query=&isSpecialList=false
34.7836,47.6003,Radius=15000&SortBy=1&latitude=34.7836&longitude=47.6003&PageSize=1000&PageNumber=0&firstObjectLatEnabled=true&query=&isSpecialList=false
39.3796,48.3546,Radius=15000&SortBy=1&latitude=39.3796&longitude=48.3546&PageSize=1000&PageNumber=0&firstObjectLatEnabled=true&query=&isSpecialList=false
27.555,52.8833,Radius=15000&SortBy=1&latitude=27.555&longitude=52.8833&PageSize=1000&PageNumber=0&firstObjectLatEnabled=true&query=&isSpecialList=false
38.9353,45.6431,Radius=15000&SortBy=1&latitude=38.9353&longitude=45.6431&PageSize=1000&PageNumber=0&firstObjectLatEnabled=true&query=&isSpecialList=false
35.1664,47.8044,Radius=15000&SortBy=1&latitude=35.1664&longitude=47.8044&PageSize=1000&PageNumber=0&firstObjectLatEnabled=true&query=&isSpecialList=false
29.1264,54.0419,Radius=15000&SortBy=1&latitude=29.1264&longitude=54.0419&PageSize=1000&PageNumber=0&firstObjectLatEnabled=true&query=&isSpecialList=false
35.2778,47.4183,Radius=15000&SortBy=1&latitude=35.2778&longitude=47.4183&PageSize=1000&PageNumber=0&firstObjectLatEnabled=true&query=&isSpecialList=false
30.3586,50.7981,Radius=15000&SortBy=1&latitude=30.3586&longitude=50.7981&PageSize=1000&PageNumber=0&firstObjectLatEnabled=true&query=&isSpecialList=false
28.8438,52.5707,Radius=15000&SortBy=1&latitude=28.8438&longitude=52.5707&PageSize=1000&PageNumber=0&firstObjectLatEnabled=true&query=&isSpecialList=false
37.8463,46.8354,Radius=15000&SortBy=1&latitude=37.8463&longitude=46.8354&PageSize=1000&PageNumber=0&firstObjectLatEnabled=true&query=&isSpecialList=false
36.7081,57.4214,Radius=15000&SortBy=1&latitude=36.7081&longitude=57.4214&PageSize=1000&PageNumber=0&firstObjectLatEnabled=true&query=&isSpecialList=false
37.2312,58.219,Radius=15000&SortBy=1&latitude=37.2312&longitude=58.219&PageSize=1000&PageNumber=0&firstObjectLatEnabled=true&query=&isSpecialList=false
35.254,58.2857,Radius=15000&SortBy=1&latitude=35.254&longitude=58.2857&PageSize=1000&PageNumber=0&firstObjectLatEnabled=true&query=&isSpecialList=false
37.4167,47.7,Radius=15000&SortBy=1&latitude=37.4167&longitude=47.7&PageSize=1000&PageNumber=0&firstObjectLatEnabled=true&query=&isSpecialList=false
33.7667,46.5664,Radius=15000&SortBy=1&latitude=33.7667&longitude=46.5664&PageSize=1000&PageNumber=0&firstObjectLatEnabled=true&query=&isSpecialList=false
30.8639,51.4558,Radius=15000&SortBy=1&latitude=30.8639&longitude=51.4558&PageSize=1000&PageNumber=0&firstObjectLatEnabled=true&query=&isSpecialList=false
30.2606,51.9842,Radius=15000&SortBy=1&latitude=30.2606&longitude=51.9842&PageSize=1000&PageNumber=0&firstObjectLatEnabled=true&query=&isSpecialList=false
29.9122,53.3083,Radius=15000&SortBy=1&latitude=29.9122&longitude=53.3083&PageSize=1000&PageNumber=0&firstObjectLatEnabled=true&query=&isSpecialList=false
36.595,53.2075,Radius=15000&SortBy=1&latitude=36.595&longitude=53.2075&PageSize=1000&PageNumber=0&firstObjectLatEnabled=true&query=&isSpecialList=false
33.5628,48.0222,Radius=15000&SortBy=1&latitude=33.5628&longitude=48.0222&PageSize=1000&PageNumber=0&firstObjectLatEnabled=true&query=&isSpecialList=false
36.635,57.0717,Radius=15000&SortBy=1&latitude=36.635&longitude=57.0717&PageSize=1000&PageNumber=0&firstObjectLatEnabled=true&query=&isSpecialList=false
35.7069,59.8501,Radius=15000&SortBy=1&latitude=35.7069&longitude=59.8501&PageSize=1000&PageNumber=0&firstObjectLatEnabled=true&query=&isSpecialList=false
35.7669,50.0578,Radius=15000&SortBy=1&latitude=35.7669&longitude=50.0578&PageSize=1000&PageNumber=0&firstObjectLatEnabled=true&query=&isSpecialList=false
28.7519,54.5444,Radius=15000&SortBy=1&latitude=28.7519&longitude=54.5444&PageSize=1000&PageNumber=0&firstObjectLatEnabled=true&query=&isSpecialList=false
34.5039,49.6844,Radius=15000&SortBy=1&latitude=34.5039&longitude=49.6844&PageSize=1000&PageNumber=0&firstObjectLatEnabled=true&query=&isSpecialList=false
30.8947,49.4092,Radius=15000&SortBy=1&latitude=30.8947&longitude=49.4092&PageSize=1000&PageNumber=0&firstObjectLatEnabled=true&query=&isSpecialList=false
36.1178,53.0553,Radius=15000&SortBy=1&latitude=36.1178&longitude=53.0553&PageSize=1000&PageNumber=0&firstObjectLatEnabled=true&query=&isSpecialList=false
38.2481,47.1167,Radius=15000&SortBy=1&latitude=38.2481&longitude=47.1167&PageSize=1000&PageNumber=0&firstObjectLatEnabled=true&query=&isSpecialList=false
33.9054,50.4572,Radius=15000&SortBy=1&latitude=33.9054&longitude=50.4572&PageSize=1000&PageNumber=0&firstObjectLatEnabled=true&query=&isSpecialList=false
27.2083,53.0361,Radius=15000&SortBy=1&latitude=27.2083&longitude=53.0361&PageSize=1000&PageNumber=0&firstObjectLatEnabled=true&query=&isSpecialList=false
36.2858,58.5861,Radius=15000&SortBy=1&latitude=36.2858&longitude=58.5861&PageSize=1000&PageNumber=0&firstObjectLatEnabled=true&query=&isSpecialList=false
30.895,50.0931,Radius=15000&SortBy=1&latitude=30.895&longitude=50.0931&PageSize=1000&PageNumber=0&firstObjectLatEnabled=true&query=&isSpecialList=false
34.1422,45.9203,Radius=15000&SortBy=1&latitude=34.1422&longitude=45.9203&PageSize=1000&PageNumber=0&firstObjectLatEnabled=true&query=&isSpecialList=false
32.3298,49.0932,Radius=15000&SortBy=1&latitude=32.3298&longitude=49.0932&PageSize=1000&PageNumber=0&firstObjectLatEnabled=true&query=&isSpecialList=false
39.2951,44.4982,Radius=15000&SortBy=1&latitude=39.2951&longitude=44.4982&PageSize=1000&PageNumber=0&firstObjectLatEnabled=true&query=&isSpecialList=false
29.2733,53.2203,Radius=15000&SortBy=1&latitude=29.2733&longitude=53.2203&PageSize=1000&PageNumber=0&firstObjectLatEnabled=true&query=&isSpecialList=false
30.746,50.746,Radius=15000&SortBy=1&latitude=30.746&longitude=50.746&PageSize=1000&PageNumber=0&firstObjectLatEnabled=true&query=&isSpecialList=false
35.2822,59.5197,Radius=15000&SortBy=1&latitude=35.2822&longitude=59.5197&PageSize=1000&PageNumber=0&firstObjectLatEnabled=true&query=&isSpecialList=false
37.4778,47.0508,Radius=15000&SortBy=1&latitude=37.4778&longitude=47.0508&PageSize=1000&PageNumber=0&firstObjectLatEnabled=true&query=&isSpecialList=false
27.8397,51.9378,Radius=15000&SortBy=1&latitude=27.8397&longitude=51.9378&PageSize=1000&PageNumber=0&firstObjectLatEnabled=true&query=&isSpecialList=false
39.0728,44.3869,Radius=15000&SortBy=1&latitude=39.0728&longitude=44.3869&PageSize=1000&PageNumber=0&firstObjectLatEnabled=true&query=&isSpecialList=false
33.9903,50.6836,Radius=15000&SortBy=1&latitude=33.9903&longitude=50.6836&PageSize=1000&PageNumber=0&firstObjectLatEnabled=true&query=&isSpecialList=false
34.7387,46.1496,Radius=15000&SortBy=1&latitude=34.7387&longitude=46.1496&PageSize=1000&PageNumber=0&firstObjectLatEnabled=true&query=&isSpecialList=false
39.1489,47.0347,Radius=15000&SortBy=1&latitude=39.1489&longitude=47.0347&PageSize=1000&PageNumber=0&firstObjectLatEnabled=true&query=&isSpecialList=false
31.9961,50.6564,Radius=15000&SortBy=1&latitude=31.9961&longitude=50.6564&PageSize=1000&PageNumber=0&firstObjectLatEnabled=true&query=&isSpecialList=false
36.9263,48.9583,Radius=15000&SortBy=1&latitude=36.9263&longitude=48.9583&PageSize=1000&PageNumber=0&firstObjectLatEnabled=true&query=&isSpecialList=false
32.2064,49.4436,Radius=15000&SortBy=1&latitude=32.2064&longitude=49.4436&PageSize=1000&PageNumber=0&firstObjectLatEnabled=true&query=&isSpecialList=false
29.2911,56.9131,Radius=15000&SortBy=1&latitude=29.2911&longitude=56.9131&PageSize=1000&PageNumber=0&firstObjectLatEnabled=true&query=&isSpecialList=false
27.3339,53.1789,Radius=15000&SortBy=1&latitude=27.3339&longitude=53.1789&PageSize=1000&PageNumber=0&firstObjectLatEnabled=true&query=&isSpecialList=false
36.425,48.2819,Radius=15000&SortBy=1&latitude=36.425&longitude=48.2819&PageSize=1000&PageNumber=0&firstObjectLatEnabled=true&query=&isSpecialList=false
35.9139,47.0239,Radius=15000&SortBy=1&latitude=35.9139&longitude=47.0239&PageSize=1000&PageNumber=0&firstObjectLatEnabled=true&query=&isSpecialList=false
30.6131,53.1954,Radius=15000&SortBy=1&latitude=30.6131&longitude=53.1954&PageSize=1000&PageNumber=0&firstObjectLatEnabled=true&query=&isSpecialList=false
26.5161,57.1019,Radius=15000&SortBy=1&latitude=26.5161&longitude=57.1019&PageSize=1000&PageNumber=0&firstObjectLatEnabled=true&query=&isSpecialList=false
34.2842,46.2422,Radius=15000&SortBy=1&latitude=34.2842&longitude=46.2422&PageSize=1000&PageNumber=0&firstObjectLatEnabled=true&query=&isSpecialList=false
38.0346,47.9986,Radius=15000&SortBy=1&latitude=38.0346&longitude=47.9986&PageSize=1000&PageNumber=0&firstObjectLatEnabled=true&query=&isSpecialList=false
37.9,55.95,Radius=15000&SortBy=1&latitude=37.9&longitude=55.95&PageSize=1000&PageNumber=0&firstObjectLatEnabled=true&query=&isSpecialList=false
26.5578,54.8806,Radius=15000&SortBy=1&latitude=26.5578&longitude=54.8806&PageSize=1000&PageNumber=0&firstObjectLatEnabled=true&query=&isSpecialList=false
30.3603,51.1617,Radius=15000&SortBy=1&latitude=30.3603&longitude=51.1617&PageSize=1000&PageNumber=0&firstObjectLatEnabled=true&query=&isSpecialList=false
28.0261,58.0,Radius=15000&SortBy=1&latitude=28.0261&longitude=58.0&PageSize=1000&PageNumber=0&firstObjectLatEnabled=true&query=&isSpecialList=false
32.9926,47.4198,Radius=15000&SortBy=1&latitude=32.9926&longitude=47.4198&PageSize=1000&PageNumber=0&firstObjectLatEnabled=true&query=&isSpecialList=false
33.1536,47.7136,Radius=15000&SortBy=1&latitude=33.1536&longitude=47.7136&PageSize=1000&PageNumber=0&firstObjectLatEnabled=true&query=&isSpecialList=false
30.0542,50.1589,Radius=15000&SortBy=1&latitude=30.0542&longitude=50.1589&PageSize=1000&PageNumber=0&firstObjectLatEnabled=true&query=&isSpecialList=false
37.3333,59.0833,Radius=15000&SortBy=1&latitude=37.3333&longitude=59.0833&PageSize=1000&PageNumber=0&firstObjectLatEnabled=true&query=&isSpecialList=false
37.6858,48.342,Radius=15000&SortBy=1&latitude=37.6858&longitude=48.342&PageSize=1000&PageNumber=0&firstObjectLatEnabled=true&query=&isSpecialList=false
30.0786,53.1397,Radius=15000&SortBy=1&latitude=30.0786&longitude=53.1397&PageSize=1000&PageNumber=0&firstObjectLatEnabled=true&query=&isSpecialList=false
28.4825,53.0346,Radius=15000&SortBy=1&latitude=28.4825&longitude=53.0346&PageSize=1000&PageNumber=0&firstObjectLatEnabled=true&query=&isSpecialList=false
38.6744,46.1131,Radius=15000&SortBy=1&latitude=38.6744&longitude=46.1131&PageSize=1000&PageNumber=0&firstObjectLatEnabled=true&query=&isSpecialList=false
28.9503,58.885,Radius=15000&SortBy=1&latitude=28.9503&longitude=58.885&PageSize=1000&PageNumber=0&firstObjectLatEnabled=true&query=&isSpecialList=false
37.5615,56.9212,Radius=15000&SortBy=1&latitude=37.5615&longitude=56.9212&PageSize=1000&PageNumber=0&firstObjectLatEnabled=true&query=&isSpecialList=false
36.4035,58.0389,Radius=15000&SortBy=1&latitude=36.4035&longitude=58.0389&PageSize=1000&PageNumber=0&firstObjectLatEnabled=true&query=&isSpecialList=false
31.1608,52.6506,Radius=15000&SortBy=1&latitude=31.1608&longitude=52.6506&PageSize=1000&PageNumber=0&firstObjectLatEnabled=true&query=&isSpecialList=false
36.5447,61.1575,Radius=15000&SortBy=1&latitude=36.5447&longitude=61.1575&PageSize=1000&PageNumber=0&firstObjectLatEnabled=true&query=&isSpecialList=false
27.1992,54.3667,Radius=15000&SortBy=1&latitude=27.1992&longitude=54.3667&PageSize=1000&PageNumber=0&firstObjectLatEnabled=true&query=&isSpecialList=false
28.3574,54.4233,Radius=15000&SortBy=1&latitude=28.3574&longitude=54.4233&PageSize=1000&PageNumber=0&firstObjectLatEnabled=true&query=&isSpecialList=false
31.4422,49.5317,Radius=15000&SortBy=1&latitude=31.4422&longitude=49.5317&PageSize=1000&PageNumber=0&firstObjectLatEnabled=true&query=&isSpecialList=false
28.6542,51.38,Radius=15000&SortBy=1&latitude=28.6542&longitude=51.38&PageSize=1000&PageNumber=0&firstObjectLatEnabled=true&query=&isSpecialList=false
35.7567,52.7706,Radius=15000&SortBy=1&latitude=35.7567&longitude=52.7706&PageSize=1000&PageNumber=0&firstObjectLatEnabled=true&query=&isSpecialList=false
27.6834,54.3417,Radius=15000&SortBy=1&latitude=27.6834&longitude=54.3417&PageSize=1000&PageNumber=0&firstObjectLatEnabled=true&query=&isSpecialList=false
30.1141,51.5217,Radius=15000&SortBy=1&latitude=30.1141&longitude=51.5217&PageSize=1000&PageNumber=0&firstObjectLatEnabled=true&query=&isSpecialList=false
26.2368,61.399,Radius=15000&SortBy=1&latitude=26.2368&longitude=61.399&PageSize=1000&PageNumber=0&firstObjectLatEnabled=true&query=&isSpecialList=false
28.0987,57.2318,Radius=15000&SortBy=1&latitude=28.0987&longitude=57.2318&PageSize=1000&PageNumber=0&firstObjectLatEnabled=true&query=&isSpecialList=false
31.4619,48.0739,Radius=15000&SortBy=1&latitude=31.4619&longitude=48.0739&PageSize=1000&PageNumber=0&firstObjectLatEnabled=true&query=&isSpecialList=false
28.4758,57.8481,Radius=15000&SortBy=1&latitude=28.4758&longitude=57.8481&PageSize=1000&PageNumber=0&firstObjectLatEnabled=true&query=&isSpecialList=false
34.9667,59.6167,Radius=15000&SortBy=1&latitude=34.9667&longitude=59.6167&PageSize=1000&PageNumber=0&firstObjectLatEnabled=true&query=&isSpecialList=false
30.8733,55.2706,Radius=15000&SortBy=1&latitude=30.8733&longitude=55.2706&PageSize=1000&PageNumber=0&firstObjectLatEnabled=true&query=&isSpecialList=false
27.4064,57.5014,Radius=15000&SortBy=1&latitude=27.4064&longitude=57.5014&PageSize=1000&PageNumber=0&firstObjectLatEnabled=true&query=&isSpecialList=false
26.9522,55.585,Radius=15000&SortBy=1&latitude=26.9522&longitude=55.585&PageSize=1000&PageNumber=0&firstObjectLatEnabled=true&query=&isSpecialList=false
33.3828,46.5983,Radius=15000&SortBy=1&latitude=33.3828&longitude=46.5983&PageSize=1000&PageNumber=0&firstObjectLatEnabled=true&query=&isSpecialList=false
28.4414,56.3728,Radius=15000&SortBy=1&latitude=28.4414&longitude=56.3728&PageSize=1000&PageNumber=0&firstObjectLatEnabled=true&query=&isSpecialList=false
35.3056,50.4992,Radius=15000&SortBy=1&latitude=35.3056&longitude=50.4992&PageSize=1000&PageNumber=0&firstObjectLatEnabled=true&query=&isSpecialList=false
36.7442,47.6725,Radius=15000&SortBy=1&latitude=36.7442&longitude=47.6725&PageSize=1000&PageNumber=0&firstObjectLatEnabled=true&query=&isSpecialList=false
34.5219,50.0058,Radius=15000&SortBy=1&latitude=34.5219&longitude=50.0058&PageSize=1000&PageNumber=0&firstObjectLatEnabled=true&query=&isSpecialList=false
36.9833,56.2833,Radius=15000&SortBy=1&latitude=36.9833&longitude=56.2833&PageSize=1000&PageNumber=0&firstObjectLatEnabled=true&query=&isSpecialList=false
30.8881,52.685,Radius=15000&SortBy=1&latitude=30.8881&longitude=52.685&PageSize=1000&PageNumber=0&firstObjectLatEnabled=true&query=&isSpecialList=false
26.2258,60.2142,Radius=15000&SortBy=1&latitude=26.2258&longitude=60.2142&PageSize=1000&PageNumber=0&firstObjectLatEnabled=true&query=&isSpecialList=false
29.1986,54.3278,Radius=15000&SortBy=1&latitude=29.1986&longitude=54.3278&PageSize=1000&PageNumber=0&firstObjectLatEnabled=true&query=&isSpecialList=false
34.3528,58.6836,Radius=15000&SortBy=1&latitude=34.3528&longitude=58.6836&PageSize=1000&PageNumber=0&firstObjectLatEnabled=true&query=&isSpecialList=false
36.9953,59.7647,Radius=15000&SortBy=1&latitude=36.9953&longitude=59.7647&PageSize=1000&PageNumber=0&firstObjectLatEnabled=true&query=&isSpecialList=false
30.4551,53.651,Radius=15000&SortBy=1&latitude=30.4551&longitude=53.651&PageSize=1000&PageNumber=0&firstObjectLatEnabled=true&query=&isSpecialList=false
27.131,61.6744,Radius=15000&SortBy=1&latitude=27.131&longitude=61.6744&PageSize=1000&PageNumber=0&firstObjectLatEnabled=true&query=&isSpecialList=false
37.2187,47.2167,Radius=15000&SortBy=1&latitude=37.2187&longitude=47.2167&PageSize=1000&PageNumber=0&firstObjectLatEnabled=true&query=&isSpecialList=false
27.2856,61.9964,Radius=15000&SortBy=1&latitude=27.2856&longitude=61.9964&PageSize=1000&PageNumber=0&firstObjectLatEnabled=true&query=&isSpecialList=false
25.3603,60.3994,Radius=15000&SortBy=1&latitude=25.3603&longitude=60.3994&PageSize=1000&PageNumber=0&firstObjectLatEnabled=true&query=&isSpecialList=false
32.6942,47.2678,Radius=15000&SortBy=1&latitude=32.6942&longitude=47.2678&PageSize=1000&PageNumber=0&firstObjectLatEnabled=true&query=&isSpecialList=false
29.9275,56.5722,Radius=15000&SortBy=1&latitude=29.9275&longitude=56.5722&PageSize=1000&PageNumber=0&firstObjectLatEnabled=true&query=&isSpecialList=false
33.7267,59.1844,Radius=15000&SortBy=1&latitude=33.7267&longitude=59.1844&PageSize=1000&PageNumber=0&firstObjectLatEnabled=true&query=&isSpecialList=false
33.605,59.9934,Radius=15000&SortBy=1&latitude=33.605&longitude=59.9934&PageSize=1000&PageNumber=0&firstObjectLatEnabled=true&query=&isSpecialList=false
28.6689,59.0733,Radius=15000&SortBy=1&latitude=28.6689&longitude=59.0733&PageSize=1000&PageNumber=0&firstObjectLatEnabled=true&query=&isSpecialList=false
32.9428,59.72,Radius=15000&SortBy=1&latitude=32.9428&longitude=59.72&PageSize=1000&PageNumber=0&firstObjectLatEnabled=true&query=&isSpecialList=false
27.8833,53.4333,Radius=15000&SortBy=1&latitude=27.8833&longitude=53.4333&PageSize=1000&PageNumber=0&firstObjectLatEnabled=true&query=&isSpecialList=false
27.2024,60.6848,Radius=15000&SortBy=1&latitude=27.2024&longitude=60.6848&PageSize=1000&PageNumber=0&firstObjectLatEnabled=true&query=&isSpecialList=false
30.2364,49.7119,Radius=15000&SortBy=1&latitude=30.2364&longitude=49.7119&PageSize=1000&PageNumber=0&firstObjectLatEnabled=true&query=&isSpecialList=false
31.1289,53.2822,Radius=15000&SortBy=1&latitude=31.1289&longitude=53.2822&PageSize=1000&PageNumber=0&firstObjectLatEnabled=true&query=&isSpecialList=false
34.6919,50.0128,Radius=15000&SortBy=1&latitude=34.6919&longitude=50.0128&PageSize=1000&PageNumber=0&firstObjectLatEnabled=true&query=&isSpecialList=false
28.8714,52.0917,Radius=15000&SortBy=1&latitude=28.8714&longitude=52.0917&PageSize=1000&PageNumber=0&firstObjectLatEnabled=true&query=&isSpecialList=false
27.5236,57.8811,Radius=15000&SortBy=1&latitude=27.5236&longitude=57.8811&PageSize=1000&PageNumber=0&firstObjectLatEnabled=true&query=&isSpecialList=false
28.2211,61.2158,Radius=15000&SortBy=1&latitude=28.2211&longitude=61.2158&PageSize=1000&PageNumber=0&firstObjectLatEnabled=true&query=&isSpecialList=false
36.9501,56.38,Radius=15000&SortBy=1&latitude=36.9501&longitude=56.38&PageSize=1000&PageNumber=0&firstObjectLatEnabled=true&query=&isSpecialList=false
34.0186,58.1722,Radius=15000&SortBy=1&latitude=34.0186&longitude=58.1722&PageSize=1000&PageNumber=0&firstObjectLatEnabled=true&query=&isSpecialList=false
28.3091,55.9017,Radius=15000&SortBy=1&latitude=28.3091&longitude=55.9017&PageSize=1000&PageNumber=0&firstObjectLatEnabled=true&query=&isSpecialList=false
34.5164,58.1844,Radius=15000&SortBy=1&latitude=34.5164&longitude=58.1844&PageSize=1000&PageNumber=0&firstObjectLatEnabled=true&query=&isSpecialList=false
31.5853,54.4415,Radius=15000&SortBy=1&latitude=31.5853&longitude=54.4415&PageSize=1000&PageNumber=0&firstObjectLatEnabled=true&query=&isSpecialList=false
33.1222,46.1647,Radius=15000&SortBy=1&latitude=33.1222&longitude=46.1647&PageSize=1000&PageNumber=0&firstObjectLatEnabled=true&query=&isSpecialList=false
30.1164,55.1186,Radius=15000&SortBy=1&latitude=30.1164&longitude=55.1186&PageSize=1000&PageNumber=0&firstObjectLatEnabled=true&query=&isSpecialList=false
27.4753,59.4717,Radius=15000&SortBy=1&latitude=27.4753&longitude=59.4717&PageSize=1000&PageNumber=0&firstObjectLatEnabled=true&query=&isSpecialList=false
31.4103,56.2825,Radius=15000&SortBy=1&latitude=31.4103&longitude=56.2825&PageSize=1000&PageNumber=0&firstObjectLatEnabled=true&query=&isSpecialList=false
26.4558,57.9028,Radius=15000&SortBy=1&latitude=26.4558&longitude=57.9028&PageSize=1000&PageNumber=0&firstObjectLatEnabled=true&query=&isSpecialList=false
32.5756,59.7983,Radius=15000&SortBy=1&latitude=32.5756&longitude=59.7983&PageSize=1000&PageNumber=0&firstObjectLatEnabled=true&query=&isSpecialList=false
36.4109,55.6502,Radius=15000&SortBy=1&latitude=36.4109&longitude=55.6502&PageSize=1000&PageNumber=0&firstObjectLatEnabled=true&query=&isSpecialList=false
30.0542,54.3731,Radius=15000&SortBy=1&latitude=30.0542&longitude=54.3731&PageSize=1000&PageNumber=0&firstObjectLatEnabled=true&query=&isSpecialList=false
33.8683,57.4289,Radius=15000&SortBy=1&latitude=33.8683&longitude=57.4289&PageSize=1000&PageNumber=0&firstObjectLatEnabled=true&query=&isSpecialList=false
31.6053,55.4028,Radius=15000&SortBy=1&latitude=31.6053&longitude=55.4028&PageSize=1000&PageNumber=0&firstObjectLatEnabled=true&query=&isSpecialList=false
25.6439,57.7744,Radius=15000&SortBy=1&latitude=25.6439&longitude=57.7744&PageSize=1000&PageNumber=0&firstObjectLatEnabled=true&query=&isSpecialList=false
32.3094,54.0186,Radius=15000&SortBy=1&latitude=32.3094&longitude=54.0186&PageSize=1000&PageNumber=0&firstObjectLatEnabled=true&query=&isSpecialList=false
33.8603,58.5217,Radius=15000&SortBy=1&latitude=33.8603&longitude=58.5217&PageSize=1000&PageNumber=0&firstObjectLatEnabled=true&query=&isSpecialList=false
31.2656,56.8056,Radius=15000&SortBy=1&latitude=31.2656&longitude=56.8056&PageSize=1000&PageNumber=0&firstObjectLatEnabled=true&query=&isSpecialList=false
31.5419,60.0364,Radius=15000&SortBy=1&latitude=31.5419&longitude=60.0364&PageSize=1000&PageNumber=0&firstObjectLatEnabled=true&query=&isSpecialList=false
33.5959,56.9244,Radius=15000&SortBy=1&latitude=33.5959&longitude=56.9244&PageSize=1000&PageNumber=0&firstObjectLatEnabled=true&query=&isSpecialList=false
32.8601,53.0875,Radius=15000&SortBy=1&latitude=32.8601&longitude=53.0875&PageSize=1000&PageNumber=0&firstObjectLatEnabled=true&query=&isSpecialList=false
